run          , final_rank, designed_sequence                                                                                                                                     , designed_chain_sequence                                                                                                                               , num_design, design_to_target_iptm, min_design_to_target_pae, design_ptm, filter_rmsd, designfolding-filter_rmsd, plip_hbonds_refolded, delta_sasa_refolded, design_largest_hydrophobic_patch_refolded, design_chain_hydrophobicity, design_hydrophobicity, loop   , helix  , sheet  , file_name
prot_1k      ,          1, GRVEVTSPSGLTCIAESDGIRITVELRDANGKVVAKGFGEFMVKAVATSPATGETCVAEATADSVRVTVLDPDGKVVAEASADIVY                                                                , GRVEVTSPSGLTCIAESDGIRITVELRDANGKVVAKGFGEFMVKAVATSPATGETCVAEATADSVRVTVLDPDGKVVAEASADIVY                                                                ,         86,               0.77195,                  2.66389,    0.92621,     0.80472,                   1.12748,                    7,          1447.84668,                                 986.96466,                     42.9911,               42.9911, 0.43023, 0      , 0.56977, protein_vs_2vsm_350.cif
prot_1k      ,          2, EVVTVPVGGTAYLTCEFSEEFDSVKWTKSDGSPVPPRAVLDSLRPGQYPEPLDADGRADLLPTTSVTLRIPNVTPSDAGTYTCEAYKDGKLVGKKTATLTVV                                                , EVVTVPVGGTAYLTCEFSEEFDSVKWTKSDGSPVPPRAVLDSLRPGQYPEPLDADGRADLLPTTSVTLRIPNVTPSDAGTYTCEAYKDGKLVGKKTATLTVV                                                ,        102,               0.86681,                  1.17307,    0.96145,     0.8966 ,                   1.89332,                   11,          1267.00684,                                 841.76099,                     46.2605,               46.2605, 0.46078, 0.02941, 0.5098 , protein_vs_2vsm_165.cif
prot_1k      ,          3, SRSVTLGNGATVTLPEEMTGVELAEKVYAAGGQTIAGDFTVAVRDPATGKTLLLDKFKVYTADEAVALINELNA                                                                            , SRSVTLGNGATVTLPEEMTGVELAEKVYAAGGQTIAGDFTVAVRDPATGKTLLLDKFKVYTADEAVALINELNA                                                                            ,         74,               0.73699,                  2.84475,    0.9386 ,     0.40913,                   1.5949 ,                    6,          1349.93652,                                 853.80701,                     48.5536,               48.5536, 0.33784, 0.28378, 0.37838, protein_vs_2vsm_180.cif
prot_1k      ,          4, GSGSGTLTDVDDPSLKLTATLHADGTLTVTLPFFNPCTALTVKVLDKNGNVLGEVRFGGYGGGTVEIRLPAPLPPGTYTVTIEDATGRVIAKGEVTVT                                                    , GSGSGTLTDVDDPSLKLTATLHADGTLTVTLPFFNPCTALTVKVLDKNGNVLGEVRFGGYGGGTVEIRLPAPLPPGTYTVTIEDATGRVIAKGEVTVT                                                    ,         98,               0.59346,                  3.89635,    0.89572,     1.3399 ,                   1.51359,                    6,          1296.90332,                                1253.23035,                     49.9127,               49.9127, 0.38776, 0      , 0.61224, protein_vs_2vsm_400.cif
prot_1k      ,          5, ARAARLSVSPKEAKVGEKVIIHLSRAGYSRYTYHLYMRNLETGEVTFLGVFSCSGLDFVEVTVTEPGTYEFELYESKVPFSDEYVPPEEGILLASATVTVL                                                 , ARAARLSVSPKEAKVGEKVIIHLSRAGYSRYTYHLYMRNLETGEVTFLGVFSCSGLDFVEVTVTEPGTYEFELYESKVPFSDEYVPPEEGILLASATVTVL                                                 ,        101,               0.75913,                  2.7381 ,    0.9307 ,     0.6772 ,                   1.52573,                   12,          1481.53125,                                 614.32367,                     56.6743,               56.6743, 0.43564, 0.0297 , 0.53465, protein_vs_2vsm_249.cif
prot_1k      ,          6, VKLSCKITKANLRYNTIHWYLQAPGQERELVAEIDGSNPGNTTYADSVKGRFTISVDTSSNTAYLQMSSLRPEDTGVYSCAAYGAGGYPGFYPPVERSQGTLVTVS                                            , VKLSCKITKANLRYNTIHWYLQAPGQERELVAEIDGSNPGNTTYADSVKGRFTISVDTSSNTAYLQMSSLRPEDTGVYSCAAYGAGGYPGFYPPVERSQGTLVTVS                                            ,        106,               0.69087,                  3.13823,    0.91647,     0.81494,                   1.11135,                   15,          1360.41504,                                 604.17419,                     44.2024,               44.2024, 0.5283 , 0.0283 , 0.4434 , protein_vs_2vsm_097.cif
prot_1k      ,          7, VQLVESGGGLVQAGGSLRLSCAGDISSGDSMSWYRQAPGKEREFVAEIWYDGSTDYADSVKGRFTISRDTSKNTAYLQMNSLKPEDTAVYYCALRYRGEIKEFGQGTQVTVS                                      , VQLVESGGGLVQAGGSLRLSCAGDISSGDSMSWYRQAPGKEREFVAEIWYDGSTDYADSVKGRFTISRDTSKNTAYLQMNSLKPEDTAVYYCALRYRGEIKEFGQGTQVTVS                                      ,        112,               0.57016,                  5.79777,    0.90711,     0.62256,                   0.93767,                   10,          1469.29199,                                 360.83948,                     44.8148,               44.8148, 0.45536, 0.02679, 0.51786, protein_vs_2vsm_172.cif
prot_1k      ,          8, STASATFSLNGEGIKSVTVTKDGKETCTSRPMRFNLFFEEASCTLSDGTRVTVTVDLLTGEATVTISNATSDGVYTVTVTSATNGSTVTATVKVTVK                                                     , STASATFSLNGEGIKSVTVTKDGKETCTSRPMRFNLFFEEASCTLSDGTRVTVTVDLLTGEATVTISNATSDGVYTVTVTSATNGSTVTATVKVTVK                                                     ,         97,               0.59113,                  4.57805,    0.87708,     0.79545,                   0.99569,                    7,          1426.67188,                                 914.88159,                     42.1258,               42.1258, 0.39175, 0      , 0.60825, protein_vs_2vsm_029.cif
prot_1k      ,          9, ATATSGSLTLSGVPSSLKVGDTLTLTCTCSDPSYVSVYWYRQPPGSTRLIRLGGGSGTSLTLTINNLTPADTATYYCAATTSGEVVPWYCFAERTPGIQVTVT                                               , ATATSGSLTLSGVPSSLKVGDTLTLTCTCSDPSYVSVYWYRQPPGSTRLIRLGGGSGTSLTLTINNLTPADTATYYCAATTSGEVVPWYCFAERTPGIQVTVT                                               ,        103,               0.55996,                  5.91412,    0.91617,     0.71477,                   1.11231,                   10,          1194.87988,                                 810.36694,                     49.1414,               49.1414, 0.42718, 0.05825, 0.51456, protein_vs_2vsm_486.cif
prot_1k      ,         10, APVQVTPPITLTVPANSTVSKTFTIPEAGTYRLRVTVPASYLPGTVTVTLKKDGKTVAEIEVDTRLGRKESEPVSLPAGTYTVTVTNHSPIELTVTVSIYRV                                                , APVQVTPPITLTVPANSTVSKTFTIPEAGTYRLRVTVPASYLPGTVTVTLKKDGKTVAEIEVDTRLGRKESEPVSLPAGTYTVTVTNHSPIELTVTVSIYRV                                                ,        102,               0.65906,                  4.37772,    0.87408,     1.11913,                   1.60054,                    7,          1171.11523,                                 776.79755,                     48.3768,               48.3768, 0.36275, 0      , 0.63725, protein_vs_2vsm_410.cif
prot_10k     ,          1, ALTQPEEVTVKEGETAVIPCTVSEAGKLTWSLDPLVAGEVSLTLKKDGKVVAQSLGGLVPSVSVEAEPGTYELEIPNATLSDEGIYTCTNHANGATASTKLTVVP                                             , ALTQPEEVTVKEGETAVIPCTVSEAGKLTWSLDPLVAGEVSLTLKKDGKVVAQSLGGLVPSVSVEAEPGTYELEIPNATLSDEGIYTCTNHANGATASTKLTVVP                                             ,        105,               0.78808,                  2.22206,    0.93503,     0.7362 ,                   0.74239,                   14,          1351.46582,                                1016.54321,                     47.1504,               47.1504, 0.3619 , 0.02857, 0.60952, protein_vs_2vsm_1541.cif
prot_10k     ,          2, SSYRVTGEIVSSNDPSILPGTYGVSAVFDSLKKGTTAPGTLVDYLLNTFDPATVTVVEEELKVGSEVEVRVDGTDDVLTAKVTSIEEL                                                              , SSYRVTGEIVSSNDPSILPGTYGVSAVFDSLKKGTTAPGTLVDYLLNTFDPATVTVVEEELKVGSEVEVRVDGTDDVLTAKVTSIEEL                                                              ,         88,               0.78722,                  2.28157,    0.94699,     0.98981,                   0.83551,                    8,          1352.20312,                                1252.89441,                     49.9987,               49.9987, 0.42045, 0      , 0.57955, protein_vs_2vsm_2745.cif
prot_10k     ,          3, MMIQVTVVDENGQQIDLEVPISATAQEVVDRAREAGLDLTGRLILEFDGITICNSQTLAQAGVKKGSTLHIVRHPSTF                                                                        , MMIQVTVVDENGQQIDLEVPISATAQEVVDRAREAGLDLTGRLILEFDGITICNSQTLAQAGVKKGSTLHIVRHPSTF                                                                        ,         78,               0.72686,                  2.23084,    0.92502,     0.80338,                   1.37272,                    9,          1341.73828,                                 806.59967,                     49.6611,               49.6611, 0.44872, 0.16667, 0.38462, protein_vs_2vsm_1996.cif
prot_10k     ,          4, AVTVEVLPVHKDDVTVTATDDTVTVTNKAPGSADEASLAVLRNGEELLGTIGPGETLTVTNLAPGEEVTVQLRVRGQLDFVVARAVNTS                                                             , AVTVEVLPVHKDDVTVTATDDTVTVTNKAPGSADEASLAVLRNGEELLGTIGPGETLTVTNLAPGEEVTVQLRVRGQLDFVVARAVNTS                                                             ,         89,               0.67585,                  2.92428,    0.91812,     0.72558,                   0.80952,                   10,          1463.09082,                                 953.216  ,                     45.6048,               45.6048, 0.40449, 0.06742, 0.52809, protein_vs_2vsm_2349.cif
prot_10k     ,          5, TRYTVKSGGSVTLRVGERATITVEDTGAELSVRVSVDKNGKAVVSISNTSPLSSNEILEKGQSATVTDGNTGAEVTFELVEADAERATVKVTV                                                         , TRYTVKSGGSVTLRVGERATITVEDTGAELSVRVSVDKNGKAVVSISNTSPLSSNEILEKGQSATVTDGNTGAEVTFELVEADAERATVKVTV                                                         ,         93,               0.70555,                  2.77089,    0.91937,     0.7095 ,                   1.38623,                   15,          1333.70898,                                 280.30536,                     38.3205,               38.3205, 0.44086, 0      , 0.55914, protein_vs_2vsm_0568.cif
prot_10k     ,          6, GQTVTLTCSALTRPGDNLYWYLQPVGSTEPKLLIYSASTRASGVPDRFSGSGQNGGTFTLTISDLQPEDTGTYYCAVSRIGGRNTPFSKLTIVGQATVTV                                                  , GQTVTLTCSALTRPGDNLYWYLQPVGSTEPKLLIYSASTRASGVPDRFSGSGQNGGTFTLTISDLQPEDTGTYYCAVSRIGGRNTPFSKLTIVGQATVTV                                                  ,        100,               0.67403,                  3.3692 ,    0.93891,     0.74203,                   1.29962,                    8,          1445.85449,                                 393.3508 ,                     48.1297,               48.1297, 0.47   , 0.06   , 0.47   , protein_vs_2vsm_4630.cif
prot_10k     ,          7, SVLDAIIEAVAQADPNSTADEFVALLEKHGVRTVRDGPSVAIELPNGKTVLIGLTDTAAEAIERILSQLSPEERARILAAIA                                                                    , SVLDAIIEAVAQADPNSTADEFVALLEKHGVRTVRDGPSVAIELPNGKTVLIGLTDTAAEAIERILSQLSPEERARILAAIA                                                                    ,         82,               0.75079,                  2.61179,    0.93387,     0.54884,                   0.58818,                    9,          1308.09082,                                1175.11475,                     51.5063,               51.5063, 0.30488, 0.5    , 0.19512, protein_vs_2vsm_3317.cif
prot_10k     ,          8, GPVGALVEVAVPAADEPLIHGGGAAGVSTADGTPLASGFVAGSERRGDDTIVTIRGTVLRPELLKEGLKVVLGTAGGDGSSVGEVEGTIVKVEEVE                                                      , GPVGALVEVAVPAADEPLIHGGGAAGVSTADGTPLASGFVAGSERRGDDTIVTIRGTVLRPELLKEGLKVVLGTAGGDGSSVGEVEGTIVKVEEVE                                                      ,         96,               0.65157,                  3.5258 ,    0.91719,     1.25239,                   1.41751,                    9,          1707.79297,                                1220.70251,                     45.426 ,               45.426 , 0.33333, 0.09375, 0.57292, protein_vs_2vsm_5427.cif
prot_10k     ,          9, GAIVGGSSGSALLFNTPEPIDKVVLRALSDMGGDVTFTVRDENGKKVGTATVGAEKGSEATVDLGDKKYKTVAVTTGADALGGEIRVEALSDGKVVASAVLSGAPSG                                           , GAIVGGSSGSALLFNTPEPIDKVVLRALSDMGGDVTFTVRDENGKKVGTATVGAEKGSEATVDLGDKKYKTVAVTTGADALGGEIRVEALSDGKVVASAVLSGAPSG                                           ,        107,               0.69973,                  3.52702,    0.93009,     0.93732,                   2.31492,                    9,          1711.85449,                                 586.77484,                     41.4588,               41.4588, 0.49533, 0      , 0.50467, protein_vs_2vsm_6354.cif
prot_10k     ,         10, VSKTLKDGETIKLTLAGVTVTVKVEGNTVHVTVTDTSPTGGIDQATIKPGESVTLEVGETTVTVTLDGNTLTITVTNSNPGVAPATDTATITLDASCVA                                                   , VSKTLKDGETIKLTLAGVTVTVKVEGNTVHVTVTDTSPTGGIDQATIKPGESVTLEVGETTVTVTLDGNTLTITVTNSNPGVAPATDTATITLDASCVA                                                   ,         99,               0.7884 ,                  1.93954,    0.90934,     1.01935,                   2.10447,                   11,          1422.36621,                                 371.75415,                     42.2798,               42.2798, 0.33333, 0.0303 , 0.63636, protein_vs_2vsm_4529.cif
nano_10k     ,          1, LKEAVELLKKALETGDKEAAIKGLKMAYEVLKDATGVKRTLYNGLGDAIKALETGDGTAAVRARGLLKAALKRAEELSPEEVEAAKLALELLEKWV                                                      , LKEAVELLKKALETGDKEAAIKGLKMAYEVLKDATGVKRTLYNGLGDAIKALETGDGTAAVRARGLLKAALKRAEELSPEEVEAAKLALELLEKWV                                                      ,         96,               0.85647,                  1.67217,    0.94506,     0.52149,                          ,                   15,          1486.16016,                                          ,                     49.1586,               49.1586, 0.13542, 0.86458, 0      , nanobody_vs_2vsm_0138.cif
nano_10k     ,          2, ASVEATIQSGDDTIRISMSAPDETTLTVTVSVTGDPDRTYRAVLYKKENGKWKRLGSFEVKAGQSGSLTVEGVKVGDVFRVEVYERVNGEFRFVGQTPELTVTV                                              , ASVEATIQSGDDTIRISMSAPDETTLTVTVSVTGDPDRTYRAVLYKKENGKWKRLGSFEVKAGQSGSLTVEGVKVGDVFRVEVYERVNGEFRFVGQTPELTVTV                                              ,        104,               0.82272,                  1.80099,    0.92632,     0.85   ,                          ,                   14,          1349.88477,                                          ,                     45.7475,               45.7475, 0.30769, 0      , 0.69231, nanobody_vs_2vsm_1628.cif
nano_10k     ,          3, MTVTVTFDDGEVSTGTIEGNRLRIDGVGLIDLRTPLKKGDVVEVEVIRGHASLYKDGELIGDGFAVDGNRKGTLTVTS                                                                        , MTVTVTFDDGEVSTGTIEGNRLRIDGVGLIDLRTPLKKGDVVEVEVIRGHASLYKDGELIGDGFAVDGNRKGTLTVTS                                                                        ,         78,               0.84027,                  1.61012,    0.92457,     0.43974,                          ,                   17,          1348.06641,                                          ,                     46.1914,               46.1914, 0.35897, 0      , 0.64103, nanobody_vs_2vsm_2892.cif
nano_10k     ,          4, METLTIKVEGELGERGFLTGFYGTVVSGPYAGQQVRGSYNDATGEAIIRVLDTGTVLEGTVTKFDEDGILTIEAKAV                                                                         , METLTIKVEGELGERGFLTGFYGTVVSGPYAGQQVRGSYNDATGEAIIRVLDTGTVLEGTVTKFDEDGILTIEAKAV                                                                         ,         77,               0.70079,                  2.70099,    0.92632,     0.66449,                          ,                   10,          1380.17969,                                          ,                     49.4502,               49.4502, 0.37662, 0      , 0.62338, nanobody_vs_2vsm_0165.cif
nano_10k     ,          5, PRIDIRASLDGTVEVYVDGELVATFDLSIDQAEEVVEAFGGRTIGTDTGVYGRFEADPERVLALVRELEAA                                                                               , PRIDIRASLDGTVEVYVDGELVATFDLSIDQAEEVVEAFGGRTIGTDTGVYGRFEADPERVLALVRELEAA                                                                               ,         71,               0.71261,                  3.21704,    0.91406,     0.56537,                          ,                   10,          1373.31152,                                          ,                     51.737 ,               51.737 , 0.23944, 0.32394, 0.43662, nanobody_vs_2vsm_4125.cif
nano_10k     ,          6, ATVSGSGTKTRARLTGTLSGATSSDGYAWARQAPGGGLGQLGYANPLTGAGMTLGGSGSRFRIEVDASKKSITLEILNLSAGDTADYYVAKRVKGGLEPLASASLNALTGEIGAGQPT                                , ATVSGSGTKTRARLTGTLSGATSSDGYAWARQAPGGGLGQLGYANPLTGAGMTLGGSGSRFRIEVDASKKSITLEILNLSAGDTADYYVAKRVKGGLEPLASASLNALTGEIGAGQPT                                ,        118,               0.75738,                  3.02036,    0.96143,     1.2549 ,                          ,                    8,          1567.66406,                                          ,                     42.3924,               42.3924, 0.42373, 0.02542, 0.55085, nanobody_vs_2vsm_5911.cif
nano_10k     ,          7, MKYRVTVKVISGPSTYLGETLTVTVVEIDGKAYLLTTAPGLGHEFELIIDGKPAKVSDIKVGLTVKLDGEGPLAGATVEVLKIEK                                                                 , MKYRVTVKVISGPSTYLGETLTVTVVEIDGKAYLLTTAPGLGHEFELIIDGKPAKVSDIKVGLTVKLDGEGPLAGATVEVLKIEK                                                                 ,         85,               0.71994,                  3.19902,    0.91537,     0.7924 ,                          ,                    8,          1537.09277,                                          ,                     53.2194,               53.2194, 0.45882, 0.03529, 0.50588, nanobody_vs_2vsm_1191.cif
nano_10k     ,          8, SYKVKIVDRAGKTVEIEVEESDTGANVEEKLLEKGIGLLEGSALELNGKILKDGDTLAEAGLKLKDGQTLNLRRVAGFFPL                                                                     , SYKVKIVDRAGKTVEIEVEESDTGANVEEKLLEKGIGLLEGSALELNGKILKDGDTLAEAGLKLKDGQTLNLRRVAGFFPL                                                                     ,         81,               0.75862,                  2.23621,    0.912  ,     0.69692,                          ,                    9,          1392.86133,                                          ,                     49.7038,               49.7038, 0.53086, 0.12346, 0.34568, nanobody_vs_2vsm_3305.cif
nano_10k     ,          9, NNLEEAKKLLKEALKSDDPEVIAELLEKARVLINASGDVELAKEVTKILNSLQGPLSGPGEVSPLTPKEKLLAAAKKILELVESKL                                                                , NNLEEAKKLLKEALKSDDPEVIAELLEKARVLINASGDVELAKEVTKILNSLQGPLSGPGEVSPLTPKEKLLAAAKKILELVESKL                                                                ,         86,               0.58918,                  3.5583 ,    0.9254 ,     0.48996,                          ,                   12,          1332.75195,                                          ,                     52.1449,               52.1449, 0.30233, 0.69767, 0      , nanobody_vs_2vsm_4787.cif
nano_10k     ,         10, GVGDRVTLEFTAPDGRKHTVTGRIISGEAPEVGEKLTVTGAGTTGDIELESPDGSKTTTVRTVGNVEVKKGDTVTVVSVEPR                                                                    , GVGDRVTLEFTAPDGRKHTVTGRIISGEAPEVGEKLTVTGAGTTGDIELESPDGSKTTTVRTVGNVEVKKGDTVTVVSVEPR                                                                    ,         82,               0.74337,                  2.57729,    0.95131,     0.63253,                          ,                   11,          1302.16895,                                          ,                     37.1212,               37.1212, 0.5122 , 0      , 0.4878 , nanobody_vs_2vsm_1545.cif
nano_10k     ,         11, GPLSAEEKERLLAEVEKLLKEENTAGPGMTAKEVVELLSQPKVMAKIDTALATKESPFTLNIYVGNTAIDLTFENGEVTHVSAAPLF                                                               , GPLSAEEKERLLAEVEKLLKEENTAGPGMTAKEVVELLSQPKVMAKIDTALATKESPFTLNIYVGNTAIDLTFENGEVTHVSAAPLF                                                               ,         87,               0.73945,                  2.63621,    0.923  ,     1.10686,                          ,                    8,          1301.35547,                                          ,                     52.4199,               52.4199, 0.26437, 0.45977, 0.27586, nanobody_vs_2vsm_0923.cif
nano_10k     ,         12, TATVTVGSTTATVTAPATVPAGSRPTFTVTVTGSKPALVALFVNGRLVAQETAESGTITLTSPPLKAGDVLKVYVQETNRPGILQPVSPTDPDMKEAATTVAVA                                              , TATVTVGSTTATVTAPATVPAGSRPTFTVTVTGSKPALVALFVNGRLVAQETAESGTITLTSPPLKAGDVLKVYVQETNRPGILQPVSPTDPDMKEAATTVAVA                                              ,        104,               0.71704,                  2.66471,    0.92   ,     0.99401,                          ,                   13,          1300.84961,                                          ,                     45.3413,               45.3413, 0.44231, 0      , 0.55769, nanobody_vs_2vsm_0628.cif
nano_10k     ,         13, ASRSVTAPAEYGNATVTATVLSDTSVRVTVTNLDPNLNYSVVLVDAATGKVLGRGVFTESGQSHVFEGLTPGSTYRVEVYATRRPYIGAISLPVASVDLTL                                                 , ASRSVTAPAEYGNATVTATVLSDTSVRVTVTNLDPNLNYSVVLVDAATGKVLGRGVFTESGQSHVFEGLTPGSTYRVEVYATRRPYIGAISLPVASVDLTL                                                 ,        101,               0.69564,                  2.79852,    0.9052 ,     0.68391,                          ,                   10,          1363.96094,                                          ,                     49.2911,               49.2911, 0.41584, 0.0297 , 0.55446, nanobody_vs_2vsm_4770.cif
nano_10k     ,         14, SSKKLVAEMFADIGDTVTVTATVLSGTAPVTVTVYNLAFDGYDSITVAPGQTGTLTLTGDGLTYTVVVSLTSGSATVKVTVSTSTSSTSGTVTITA                                                      , SSKKLVAEMFADIGDTVTVTATVLSGTAPVTVTVYNLAFDGYDSITVAPGQTGTLTLTGDGLTYTVVVSLTSGSATVKVTVSTSTSSTSGTVTITA                                                      ,         96,               0.73599,                  2.72733,    0.94188,     0.68466,                          ,                   13,          1297.28027,                                          ,                     48.5607,               48.5607, 0.32292, 0      , 0.67708, nanobody_vs_2vsm_3653.cif
nano_10k     ,         15, MGRATAEIPGATSDITVTATAVGDKVRVTVSNLGSGDLETAELAPGETATFEVANPGATAGSVELRLGDLVVTVTVTPVDDNSAKVTVTVSRA                                                         , MGRATAEIPGATSDITVTATAVGDKVRVTVSNLGSGDLETAELAPGETATFEVANPGATAGSVELRLGDLVVTVTVTPVDDNSAKVTVTVSRA                                                         ,         93,               0.66604,                  3.90344,    0.92251,     0.79547,                          ,                   11,          1334.76758,                                          ,                     42.3409,               42.3409, 0.31183, 0      , 0.68817, nanobody_vs_2vsm_1393.cif
nano_10k     ,         16, GYSVTVATDGTVLVRGGEPATVIVNGKEYEGTVDGGGDLTASVLTSEKPDVKVGDEATIRAGNVEAGGIVVRVAPGELL                                                                       , GYSVTVATDGTVLVRGGEPATVIVNGKEYEGTVDGGGDLTASVLTSEKPDVKVGDEATIRAGNVEAGGIVVRVAPGELL                                                                       ,         79,               0.6724 ,                  3.93942,    0.938  ,     0.97955,                          ,                    9,          1520.65918,                                          ,                     41.8381,               41.8381, 0.43038, 0      , 0.56962, nanobody_vs_2vsm_7058.cif
nano_10k     ,         17, GKTVTVEATLPTRGPELFAAAADVVNEIAKALGKGEYEFEVKDAETGEVLASGVGDAKTLERLIIEAARKAGELHPEKTEVKLVVTATLL                                                            , GKTVTVEATLPTRGPELFAAAADVVNEIAKALGKGEYEFEVKDAETGEVLASGVGDAKTLERLIIEAARKAGELHPEKTEVKLVVTATLL                                                            ,         90,               0.72123,                  2.67273,    0.93587,     0.94786,                          ,                   10,          1288.62695,                                          ,                     47.8371,               47.8371, 0.25556, 0.38889, 0.35556, nanobody_vs_2vsm_0585.cif
nano_10k     ,         18, SEELREEVERLVELARFDPVARDALEEMLEKLGVPFIGDGLPGTDALGILTALHRLLKQLDDPELLKALIAALKEAKKKVSGEFKEAIDKIIELLEEIA                                                   , SEELREEVERLVELARFDPVARDALEEMLEKLGVPFIGDGLPGTDALGILTALHRLLKQLDDPELLKALIAALKEAKKKVSGEFKEAIDKIIELLEEIA                                                   ,         99,               0.84483,                  1.53208,    0.92391,     0.5754 ,                          ,                    7,          1385.53516,                                          ,                     61.2985,               61.2985, 0.24242, 0.75758, 0      , nanobody_vs_2vsm_3880.cif
nano_10k     ,         19, GSGTITVTFHPASYTETAELTATNTGEGTYTVELKDENGNVLASVTVKAGTTATKLLPGGNHSGTYTVVVKNENGEVLAEATITVDDTKGPATVTLTVT                                                   , GSGTITVTFHPASYTETAELTATNTGEGTYTVELKDENGNVLASVTVKAGTTATKLLPGGNHSGTYTVVVKNENGEVLAEATITVDDTKGPATVTLTVT                                                   ,         99,               0.72333,                  2.99174,    0.90726,     1.05327,                          ,                    7,          1499.94629,                                          ,                     40.1264,               40.1264, 0.41414, 0      , 0.58586, nanobody_vs_2vsm_4561.cif
nano_10k     ,         20, KTVTIESSRSLSDSASVTLEAGKYKFTAKVVSGAEVTLTIRDAATGKTLAKFTVAAGETKEVVVEVKAGTYVITAHNLTGVPATVEVTIEKI                                                          , KTVTIESSRSLSDSASVTLEAGKYKFTAKVVSGAEVTLTIRDAATGKTLAKFTVAAGETKEVVVEVKAGTYVITAHNLTGVPATVEVTIEKI                                                          ,         92,               0.77235,                  1.88117,    0.94149,     0.49492,                          ,                   12,          1285.45215,                                          ,                     44.7217,               44.7217, 0.30435, 0      , 0.69565, nanobody_vs_2vsm_1115.cif
prot_10k_v2  ,          1, QLTVTLSGPGLVSESQTLTVTCTVSGPLEAGKYLVVTWERVGLTSPSIKMTVKVFDAETGKLLEHRVSPTQVEKLPDGTYRVTVTAKVLITPELVGKTLLSELTINNATSADTGTYYCSVSLLDSEDDVPTPSSYIALGQGLQVTVS   , QLTVTLSGPGLVSESQTLTVTCTVSGPLEAGKYLVVTWERVGLTSPSIKMTVKVFDAETGKLLEHRVSPTQVEKLPDGTYRVTVTAKVLITPELVGKTLLSELTINNATSADTGTYYCSVSLLDSEDDVPTPSSYIALGQGLQVTVS   ,        147,               0.25381,                 14.73637,    0.83969,     1.61937,                   1.86657,                    4,          1333.15039,                                1027.54468,                     54.3062,               54.3062, 0.44218, 0.06122, 0.4966 , protein_vs_2vsm_v2_4974.cif
prot_10k_v2  ,          2, EVQLVESGGGLVQAGGSLRLSCAASGFTFSSYSMGWYRQAPGKEREAVAAISSSGSSTAYADSVKGRFTISRDNAKNTLYLQMNSLKAEDTAVYYCARGLPGVSAEDLLTADPSVVFDYWGQGTQVTVS                     , EVQLVESGGGLVQAGGSLRLSCAASGFTFSSYSMGWYRQAPGKEREAVAAISSSGSSTAYADSVKGRFTISRDNAKNTLYLQMNSLKAEDTAVYYCARGLPGVSAEDLLTADPSVVFDYWGQGTQVTVS                     ,        129,               0.18886,                 16.6345 ,    0.83282,     1.39373,                   0.69207,                    3,           458.59375,                                 439.18042,                     47.4839,               47.4839, 0.42636, 0.12403, 0.44961, protein_vs_2vsm_v2_2374.cif
prot_10k_v2  ,          4, MVQLSGPSTVKEGEHAVLTCTSGLGSGTGGCVNFELLDPETGELLFSAGSGSGKLGFGAGPLNTGIYICIAGGAGCGRGEGCAVSSTERAQSQGLQLTVV                                                  , MVQLSGPSTVKEGEHAVLTCTSGLGSGTGGCVNFELLDPETGELLFSAGSGSGKLGFGAGPLNTGIYICIAGGAGCGRGEGCAVSSTERAQSQGLQLTVV                                                  ,        100,               0.71587,                  3.17573,    0.93496,     1.46519,                   4.45101,                   12,          1766.57812,                                 900.11639,                     44.4022,               44.4022, 0.51   , 0.03   , 0.46   , protein_vs_2vsm_v2_6288.cif
prot_10k_v2  ,          5, GVQESGPGVVTRGETATLTCSSSGGDYIGWVRQGAGGGYGGGALSDSGGGGGASGRMTASGSGTTGTLTINSATGGDSGGYSCVGTSSDGSVTEGGQGITVKVVP                                             , GVQESGPGVVTRGETATLTCSSSGGDYIGWVRQGAGGGYGGGALSDSGGGGGASGRMTASGSGTTGTLTINSATGGDSGGYSCVGTSSDGSVTEGGQGITVKVVP                                             ,        105,               0.22712,                 16.41087,    0.79818,     2.03662,                   3.66431,                    6,          1982.55957,                                 310.9465 ,                     32.2317,               32.2317, 0.4381 , 0.02857, 0.53333, protein_vs_2vsm_v2_8881.cif
prot_10k_v2  ,          6, VRRGVVFVTPSVKRLTPRPTVEQTIQLVEDILEAIKEIDPNLKVGLVIATDLSEEELREVEARARERAAELGLDLAVRTAQDAEAGLEAARALLEAHPDADLLVVVTDLLTEELLEELRRLAREYDVAIVVVTPESTREEIRAALERALA, VRRGVVFVTPSVKRLTPRPTVEQTIQLVEDILEAIKEIDPNLKVGLVIATDLSEEELREVEARARERAAELGLDLAVRTAQDAEAGLEAARALLEAHPDADLLVVVTDLLTEELLEELRRLAREYDVAIVVVTPESTREEIRAALERALA,        150,               0.22937,                 16.38729,    0.86923,    12.97621,                   0.90948,                    7,          1359.57715,                                1408.54224,                     57.4298,               57.4298, 0.29333, 0.50667, 0.2    , protein_vs_2vsm_v2_3991.cif
prot_10k_v2  ,          7, SVTGATVTVGGTATLTCTLTPPESGLYNLGFVMKALVDGDGTATATLSLNGQPQAPTVVLVNRDPLSAIVGDSDGRVTIPDVKKGEEVLVFAENVPVTKGKTYTLTLTISNVRLGQTAEVYGVAVPPEKIFDDLSSYATLSEPGLLTVVE, SVTGATVTVGGTATLTCTLTPPESGLYNLGFVMKALVDGDGTATATLSLNGQPQAPTVVLVNRDPLSAIVGDSDGRVTIPDVKKGEEVLVFAENVPVTKGKTYTLTLTISNVRLGQTAEVYGVAVPPEKIFDDLSSYATLSEPGLLTVVE,        150,               0.46328,                  9.0434 ,    0.87223,    12.77335,                   1.85597,                    6,          1281.73926,                                1396.09644,                     54.1436,               54.1436, 0.37333, 0.08   , 0.54667, protein_vs_2vsm_v2_2639.cif
prot_10k_v2  ,          9, YTVTVPAGKSYIVVKVTFSNGVTVSIVVENTPDRMIIKVYAQAPGQAPRLLVEADAVTKSLYDFSNNTTVTGEKVKITSHDAATDTTVTAEAEATDDELRVRVTVTVNGDVAVLEVVAKREGDNTVVTVTVVEVKGATVTFGQEPGYDL , YTVTVPAGKSYIVVKVTFSNGVTVSIVVENTPDRMIIKVYAQAPGQAPRLLVEADAVTKSLYDFSNNTTVTGEKVKITSHDAATDTTVTAEAEATDDELRVRVTVTVNGDVAVLEVVAKREGDNTVVTVTVVEVKGATVTFGQEPGYDL ,        149,               0.26767,                 15.51691,    0.85793,    11.8427 ,                   1.26308,                    6,          1359.6582 ,                                 437.43994,                     47.5689,               47.5689, 0.30872, 0.02013, 0.67114, protein_vs_2vsm_v2_1878.cif
prot_10k_v2  ,         18, ATVTLTIDTATNSFTCTFENIPEGTSAFISITLKSSAPAATVTLEASVSGDGTIAGLTFYLNGKEVASRSGSTSGSVTVSVSPGDTLSVVATGVSAGSTVTITVTVSGVPLSDCTVTCGLVAPDGSPDSSHVLCSVSLDGTADGSASATC, ATVTLTIDTATNSFTCTFENIPEGTSAFISITLKSSAPAATVTLEASVSGDGTIAGLTFYLNGKEVASRSGSTSGSVTVSVSPGDTLSVVATGVSAGSTVTITVTVSGVPLSDCTVTCGLVAPDGSPDSSHVLCSVSLDGTADGSASATC,        150,               0.31111,                 13.63956,    0.87445,    18.66796,                   0.83185,                    4,          1051.04492,                                 823.8631 ,                     46.2349,               46.2349, 0.35333, 0.04   , 0.60667, protein_vs_2vsm_v2_4277.cif
prot_10k_v2  ,         29, AVLEAIDRAKEALEKLEKLADKLTKEDIERLIEALERVRAALERLIEELRKSKDPLLQRAAELLEEALSLLDKAIELLEEVYLKEFDAAKIKEALKLLLEALEKIKEAVELVLEALARKPDPEIEAALADLTAALEDLAATAEEIIKKIE, AVLEAIDRAKEALEKLEKLADKLTKEDIERLIEALERVRAALERLIEELRKSKDPLLQRAAELLEEALSLLDKAIELLEEVYLKEFDAAKIKEALKLLLEALEKIKEAVELVLEALARKPDPEIEAALADLTAALEDLAATAEEIIKKIE,        150,               0.26129,                 15.97167,    0.85341,    11.24561,                   0.4932 ,                   10,           998.45703,                                1342.57129,                     62.0892,               62.0892, 0.11333, 0.88667, 0      , protein_vs_2vsm_v2_1093.cif
prot_10k_v2  ,         32, SLPTVTTSPSELTVKEGETVTLSCSATGGTVLEYNWYKLDEKTGTLELVAKNTNTTSLTIKNAKFSDEGLYYCKATYKAPDGSTKTSSFGNPTKLTVLPA                                                  , SLPTVTTSPSELTVKEGETVTLSCSATGGTVLEYNWYKLDEKTGTLELVAKNTNTTSLTIKNAKFSDEGLYYCKATYKAPDGSTKTSSFGNPTKLTVLPA                                                  ,        100,               0.35926,                 12.02764,    0.8648 ,    15.3818 ,                   1.41704,                    7,           991.54688,                                 596.92517,                     43.9647,               43.9647, 0.41   , 0.03   , 0.56   , protein_vs_2vsm_v2_1034.cif
prot_10k_v2  ,         37, ASAEVSNGDVSATVTVTLPATVTLGQDLTVTVTVTSSSGLGDLTYTTAAKFDAKGNLIDFKNYENSTTATFPNVKNGDIGLVLKSPKKLTKKDLEEKLTANVVGVLLEVEGNRLYAYALAAPKGTTGKEIINSENRTLLATVDVV     , ASAEVSNGDVSATVTVTLPATVTLGQDLTVTVTVTSSSGLGDLTYTTAAKFDAKGNLIDFKNYENSTTATFPNVKNGDIGLVLKSPKKLTKKDLEEKLTANVVGVLLEVEGNRLYAYALAAPKGTTGKEIINSENRTLLATVDVV     ,        145,               0.57204,                  6.47794,    0.86567,    12.41133,                   0.8813 ,                    5,           971.46777,                                 778.26263,                     49.6126,               49.6126, 0.4    , 0.06897, 0.53103, protein_vs_2vsm_v2_1230.cif
prot_10k_v2  ,         40, APQITESGPASVTQGGTITVTCTVTNVPAGSYRFVAVVQADSPSLTLPAEVTLTVTTSSGQQYTGETSAEGTDAAGRPCVVAVSPALTVAAGETVTLTLTASPAGSPGTYTFYCAIAPASTPIDEAALASGSCPSSFVACSQGISVKVVA, APQITESGPASVTQGGTITVTCTVTNVPAGSYRFVAVVQADSPSLTLPAEVTLTVTTSSGQQYTGETSAEGTDAAGRPCVVAVSPALTVAAGETVTLTLTASPAGSPGTYTFYCAIAPASTPIDEAALASGSCPSSFVACSQGISVKVVA,        150,               0.20889,                 17.56083,    0.84799,    10.92517,                   1.07587,                    3,          1268.18945,                                1487.81323,                     45.2723,               45.2723, 0.43333, 0.02667, 0.54   , protein_vs_2vsm_v2_0494.cif
prot_10k_v2  ,         79, QVQLTQSPSSLSVSVGETVTISCAVSGAPISSLNINWYKERDGVLELLIYNNKREPGVPDRFSGSRDDSTNTATLTISSVEPEDEAVYYCAAETSDGLVFGQGTKLTVL                                         , QVQLTQSPSSLSVSVGETVTISCAVSGAPISSLNINWYKERDGVLELLIYNNKREPGVPDRFSGSRDDSTNTATLTISSVEPEDEAVYYCAAETSDGLVFGQGTKLTVL                                         ,        109,               0.22942,                 17.3665 ,    0.84281,     8.29525,                   0.82439,                    4,           959.35645,                                 555.24384,                     48.4525,               48.4525, 0.37615, 0.05505, 0.56881, protein_vs_2vsm_v2_0227.cif
prot_10k_v2  ,         85, DTLTVTATQVSDTTVVITVTNPSSNKYLIVLKDSKGNTLGSAVVEPGTNTFTVTSSSIREGTYTIEAYLVVDGKPLEPPVGSARVYLRVGKTATVTIELKEP                                                , DTLTVTATQVSDTTVVITVTNPSSNKYLIVLKDSKGNTLGSAVVEPGTNTFTVTSSSIREGTYTIEAYLVVDGKPLEPPVGSARVYLRVGKTATVTIELKEP                                                ,        102,               0.21505,                 17.878  ,    0.84642,    14.72419,                   0.67881,                    6,           875.12305,                                 873.57452,                     47.3186,               47.3186, 0.37255, 0      , 0.62745, protein_vs_2vsm_v2_0149.cif
prot_10k_v2  ,         86, SKEELAEELRELALELLEKCPKELAIDTLEEIRKVVAENMSGEARARALALIDKAIEAIEKGDLEAARAALEEVVDILLEHADLETIEKCIEVLKRGLEACK                                                , SKEELAEELRELALELLEKCPKELAIDTLEEIRKVVAENMSGEARARALALIDKAIEAIEKGDLEAARAALEEVVDILLEHADLETIEKCIEVLKRGLEACK                                                ,        102,               0.25072,                 16.55163,    0.86018,     7.96244,                   0.60737,                    3,           874.44336,                                 895.31232,                     53.9085,               53.9085, 0.10784, 0.89216, 0      , protein_vs_2vsm_v2_1885.cif
prot_10k_v2  ,        108, SGSKSVSFTVEVKGGDTVLVSVTLPDSTPDGATLTLSVNVSGSCTITSVAWYFQRRGSSERELIASITASGETSYNPSLKSRVTISGTVDSTTLTISNLQSSDVGTYICAYNLAPDSSGTLTVTVTVTGEGVDVSKLTFSVSVVPGSLTF, SGSKSVSFTVEVKGGDTVLVSVTLPDSTPDGATLTLSVNVSGSCTITSVAWYFQRRGSSERELIASITASGETSYNPSLKSRVTISGTVDSTTLTISNLQSSDVGTYICAYNLAPDSSGTLTVTVTVTGEGVDVSKLTFSVSVVPGSLTF,        150,               0.23003,                 18.18614,    0.86002,    25.82407,                   0.65963,                    4,           979.01758,                                 815.95386,                     50.551 ,               50.551 , 0.35333, 0.06   , 0.58667, protein_vs_2vsm_v2_4968.cif
prot_10k_v2  ,        128, PITLEPPIPGTYTVTASGSVAAGGSVTITVTVSGFNITDYNLHWFRSDDGINYELVAEINPSSGSTTYADSFKGRVTITVDTSTNTAYLQLTSLRSGTIYALALEVNGKYHGLAALDCGTGEIRDPYTGKLLATVAPSGSATATFTANG , PITLEPPIPGTYTVTASGSVAAGGSVTITVTVSGFNITDYNLHWFRSDDGINYELVAEINPSSGSTTYADSFKGRVTITVDTSTNTAYLQLTSLRSGTIYALALEVNGKYHGLAALDCGTGEIRDPYTGKLLATVAPSGSATATFTANG ,        149,               0.21898,                 17.99787,    0.84655,    12.27888,                   0.79405,                    4,           842.69336,                                 918.82196,                     50.8995,               50.8995, 0.44295, 0.02013, 0.53691, protein_vs_2vsm_v2_1959.cif
prot_10k_v2  ,        134, SFTKLKPGDSVTSAPVTGNSFTIEFKVTAKKANATATLTVTIENLSDKETTLDVSVTFNPPSDDITVKVREEGSTTYVDCVNGEVALTLTIKPGGSKTFTLKIEAHKANVTVTFSVIFRNVDPSEEVTLRITVTLSPDSSPDVEVEVKG , SFTKLKPGDSVTSAPVTGNSFTIEFKVTAKKANATATLTVTIENLSDKETTLDVSVTFNPPSDDITVKVREEGSTTYVDCVNGEVALTLTIKPGGSKTFTLKIEAHKANVTVTFSVIFRNVDPSEEVTLRITVTLSPDSSPDVEVEVKG ,        149,               0.34676,                 12.58689,    0.85325,     9.19007,                   0.66835,                    5,           837.48828,                                 527.65613,                     48.7099,               48.7099, 0.39597, 0      , 0.60403, protein_vs_2vsm_v2_0553.cif
prot_10k_v2  ,        157, AAAAAAAYLAARGDFDGALAVLAAATDAAAAAAAGGALCGVSLDPELIARALAAAAAVGPEARAGVEAGVEAARLALEGRLEEARALLEAQTSGAEAAAAGAALTVVLALRGDLAAAAEFMALAAAVAARVSARAAAAAAAAGLGAILAA, AAAAAAAYLAARGDFDGALAVLAAATDAAAAAAAGGALCGVSLDPELIARALAAAAAVGPEARAGVEAGVEAARLALEGRLEEARALLEAQTSGAEAAAAGAALTVVLALRGDLAAAAEFMALAAAVAARVSARAAAAAAAAGLGAILAA,        150,               0.20221,                 18.30929,    0.90296,    11.02933,                  12.1047 ,                    4,           839.10156,                                2287.12158,                     49.7601,               49.7601, 0.15333, 0.84667, 0      , protein_vs_2vsm_v2_0821.cif
prot_10k_v2  ,        228, TTITITTVKHSDAVLTAVNTLKELINEYNVKKIAVVILAEKDLEDLAKEIEEALKKTAEELNIKLDIEVIFVDEIDAEVFREALRKAIELAKKNDADAAILVIISRNLDEEKLKEIEEIALEVVEEEKFTKPLHILVVSDQLEPFVKTYK, TTITITTVKHSDAVLTAVNTLKELINEYNVKKIAVVILAEKDLEDLAKEIEEALKKTAEELNIKLDIEVIFVDEIDAEVFREALRKAIELAKKNDADAAILVIISRNLDEEKLKEIEEIALEVVEEEKFTKPLHILVVSDQLEPFVKTYK,        150,               0.27576,                 13.59998,    0.87749,    12.72927,                   0.61797,                    2,           823.96875,                                 675.41345,                     60.7281,               60.7281, 0.21333, 0.5    , 0.28667, protein_vs_2vsm_v2_3994.cif
prot_7.5k_new,          1, AIDVGRPGSITPGRFAHEVTDIPEVQAILKKFADEGKILYVQVFSPDTLGIVCDSKEAADELAAELAKLPEVESVTIVEENGKYVVEVTFK                                                           , AIDVGRPGSITPGRFAHEVTDIPEVQAILKKFADEGKILYVQVFSPDTLGIVCDSKEAADELAAELAKLPEVESVTIVEENGKYVVEVTFK                                                           ,         91,               0.81821,                  2.10668,    0.93406,     0.6516 ,                   0.97212,                   11,          1580.95703,                                1134.88525,                     52.3884,               52.3884, 0.31868, 0.32967, 0.35165, protein_vs_2vsm_1465.cif
prot_7.5k_new,          4, KELIGKANGSKIYKDGDTIYVEGPLGTKELKDGEELDVPFGYAYLVRKGNDVYVVDFAGTTLLKPGEGFVTPYY                                                                            , KELIGKANGSKIYKDGDTIYVEGPLGTKELKDGEELDVPFGYAYLVRKGNDVYVVDFAGTTLLKPGEGFVTPYY                                                                            ,         74,               0.82938,                  2.38111,    0.92593,     0.72884,                   1.52876,                   14,          1442.6875 ,                                 487.37009,                     50.3084,               50.3084, 0.40541, 0      , 0.59459, protein_vs_2vsm_1263.cif
prot_7.5k_new,          8, MDAEEAARIAVEAAEAVGATVVSVEVLSDTEVIVEVEFPDGDTVTFRIRVDPEKKVVLITTTGLTEAAIAAAQAIVDALEAKGYKAFSMLASY                                                         , MDAEEAARIAVEAAEAVGATVVSVEVLSDTEVIVEVEFPDGDTVTFRIRVDPEKKVVLITTTGLTEAAIAAAQAIVDALEAKGYKAFSMLASY                                                         ,         93,               0.77661,                  2.7082 ,    0.92094,     0.585  ,                   1.81284,                    8,          1668.4502 ,                                1268.99512,                     52.9877,               52.9877, 0.30108, 0.32258, 0.37634, protein_vs_2vsm_2854.cif
prot_7.5k_new,         11, GTVVVSVPNDDEAVVKNTGDKEAIVHSLATQDFDRVKPGQEATIRAPSGEVTVRIDGKLVGTVEAGQEKTFTVE                                                                            , GTVVVSVPNDDEAVVKNTGDKEAIVHSLATQDFDRVKPGQEATIRAPSGEVTVRIDGKLVGTVEAGQEKTFTVE                                                                            ,         74,               0.72311,                  2.99603,    0.91807,     0.6896 ,                   1.2403 ,                    8,          1489.06055,                                 188.14513,                     37.6196,               37.6196, 0.39189, 0      , 0.60811, protein_vs_2vsm_2729.cif
prot_7.5k_new,         18, SWEVASLGPGVSVVKRNGNRYYLENTAGAVPGAAIVSVNLETGFVSSMSAVYPPTTVEVLEKDEDTITLKLTDADGGTGTVTLKKV                                                                , SWEVASLGPGVSVVKRNGNRYYLENTAGAVPGAAIVSVNLETGFVSSMSAVYPPTTVEVLEKDEDTITLKLTDADGGTGTVTLKKV                                                                ,         86,               0.69738,                  3.2127 ,    0.93037,     0.69128,                   1.66874,                    7,          1324.78809,                                 640.89771,                     47.1655,               47.1655, 0.4186 , 0      , 0.5814 , protein_vs_2vsm_3445.cif
prot_7.5k_new,         30, QVQLVESGGGLVQAGGSLRLSCAASGFTLSDYDMGWFRQAPGKGRELVAEISSDGSSTYYADSVKGRFTISRDNAKNTVYLQMNSLKAEDTAVYYCAAADYGYPFRYWGQGTQVTVS                                 , QVQLVESGGGLVQAGGSLRLSCAASGFTLSDYDMGWFRQAPGKGRELVAEISSDGSSTYYADSVKGRFTISRDNAKNTVYLQMNSLKAEDTAVYYCAAADYGYPFRYWGQGTQVTVS                                 ,        117,               0.77831,                  2.52344,    0.95101,     0.87241,                   1.03023,                    8,          1275.31445,                                 267.27893,                     46.9042,               46.9042, 0.42735, 0.07692, 0.49573, protein_vs_2vsm_2633.cif
prot_7.5k_new,         33, MNKTFTAPAGEYTVTLTTVGGNELKLTVKDANGNTVGEATVGGLEGGIGSVTFTGKEGETYTITVTNLGDQETVVRVRIAQDGKLVGETTFTLAPGGSATVTLKVV                                            , MNKTFTAPAGEYTVTLTTVGGNELKLTVKDANGNTVGEATVGGLEGGIGSVTFTGKEGETYTITVTNLGDQETVVRVRIAQDGKLVGETTFTLAPGGSATVTLKVV                                            ,        106,               0.62822,                  4.18006,    0.91456,     1.54046,                   0.96044,                   12,          1461.43652,                                 783.58459,                     44.6519,               44.6519, 0.33019, 0      , 0.66981, protein_vs_2vsm_0169.cif
prot_7.5k_new,         42, MQVFVKLQDGKEISLEVKPSATVGFLETLVQRHLLIPGAKVSLSFAGQQLDPTKTLSEAGIQDGSVLDATITL                                                                             , MQVFVKLQDGKEISLEVKPSATVGFLETLVQRHLLIPGAKVSLSFAGQQLDPTKTLSEAGIQDGSVLDATITL                                                                             ,         73,               0.74455,                  1.98883,    0.939  ,     0.97237,                   0.57126,                    8,          1267.04297,                                1070.08386,                     54.9862,               54.9862, 0.46575, 0.16438, 0.36986, protein_vs_2vsm_0891.cif
prot_7.5k_new,         50, KTHTLTAYALGLGTIDVATVNSREEALAALRRALELSPNGAVVKDHNTGKVFHVRSEAEAEAAADEIFSS                                                                                , KTHTLTAYALGLGTIDVATVNSREEALAALRRALELSPNGAVVKDHNTGKVFHVRSEAEAEAAADEIFSS                                                                                ,         70,               0.69752,                  3.20275,    0.90451,     0.52655,                   1.1325 ,                    9,          1265.26562,                                 902.89191,                     41.8143,               41.8143, 0.31429, 0.35714, 0.32857, protein_vs_2vsm_3305.cif
prot_7.5k_new,         60, FADKILELIRAGDFFGAALLAYEEGLPRIARLLLSLDLSLVERRPTVDLDALYKELKKAYGEEKAEKIVAAVKAAIEAAR                                                                      , FADKILELIRAGDFFGAALLAYEEGLPRIARLLLSLDLSLVERRPTVDLDALYKELKKAYGEEKAEKIVAAVKAAIEAAR                                                                      ,         80,               0.74491,                  2.81712,    0.90193,     0.47778,                   0.57239,                   10,          1473.64648,                                1261.90564,                     58.0904,               58.0904, 0.2    , 0.8    , 0      , protein_vs_2vsm_2373.cif
